ligand_id,C_ref_M,fu,T4_free_baseline_M,T4_free_with_pfas_M,T4_free_ratio_change,TTII_ref,RTII_ref_equal,RTII_ref_weighted,RTII_ref,OBI_ref,DTXSID,preferred_name,smiles_anionic,thyroid_activity_score,thyroid_auc_score,any_active20,any_active30,potency_pacc20,potency_pacc30,n_enzymes
247_DTXSID50369896,1e-07,0.166553553968149,1.6000000125870888e-11,1.6636733844421772e-11,0.039795857096359,0.0282754573332496,0.8127573803599629,0.859186021190687,0.859186021190687,0.4437307392619683,DTXSID50369896,"1H,1H,10H,10H-Perfluorodecane-1,10-diol",OCC(F)(F)C(F)(F)C(F)(F)C(F)(F)C(F)(F)C(F)(F)C(F)(F)C(F)(F)CO,99.6,175.82785953525928,1,1,5.9044819576768495,5.9044819576768495,1
237_DTXSID70381151,1e-07,0.924434938367367,1.6000000125870888e-11,1.7160123074688728e-11,0.072507683730702,0.0496907599710018,0.5808637888141318,0.6299477758596326,0.6299477758596326,0.3398192679153172,DTXSID70381151,Perfluorooctanamidine,N=C(N)C(F)(F)C(F)(F)C(F)(F)C(F)(F)C(F)(F)C(F)(F)C(F)(F)F,46.4,68.71450482687636,1,1,5.211054272976252,4.864263256490527,1
045_DTXSID00379925,1e-07,0.8462185199218294,1.6000000125870888e-11,1.649455355234863e-11,0.0309095889116953,0.0221251151361363,0.4966581754813957,0.5865807695141,0.5865807695141,0.3043529423251181,DTXSID00379925,Perfluorononanoyl chloride,O=C(Cl)C(F)(F)C(F)(F)C(F)(F)C(F)(F)C(F)(F)C(F)(F)C(F)(F)C(F)(F)F,101.6,68.40318289367816,1,1,6.598599459218456,6.598599459218456,8
130_DTXSID90315130,1e-07,0.2004669503254297,1.6000000125870888e-11,1.6676272284144034e-11,0.0422670095595602,0.0299317476954297,0.5658745131682145,0.5694636229860007,0.5694636229860007,0.2996976853407152,DTXSID90315130,Perfluoro-1-octanesulfonyl chloride,O=S(=O)(Cl)C(F)(F)C(F)(F)C(F)(F)C(F)(F)C(F)(F)C(F)(F)C(F)(F)C(F)(F)F,101.7,87.482859714869,1,1,6.943095148663527,6.943095148663527,5
100_DTXSID40187142,1e-07,0.9259332375948046,1.6000000125870888e-11,1.638805384480691e-11,0.0242533572427018,0.017448845098176,0.4343655123307468,0.5553443331567802,0.5553443331567802,0.2863965891274781,DTXSID40187142,Pentadecafluorooctanoyl chloride,O=C(Cl)C(F)(F)C(F)(F)C(F)(F)C(F)(F)C(F)(F)C(F)(F)C(F)(F)F,100.6,247.15275585268438,1,1,6.598599459218456,6.251037138743839,1
072_DTXSID00192353,1e-07,0.9629857309793022,1.6000000125870888e-11,1.6711162919236246e-11,0.0444476742356681,0.0312347593093273,0.5152598042920556,0.5253385938193902,0.5253385938193902,0.2782866765643588,DTXSID00192353,8:2 Fluorotelomer sulfonic acid,O=S(=O)([O-])CCC(F)(F)C(F)(F)C(F)(F)C(F)(F)C(F)(F)C(F)(F)C(F)(F)C(F)(F)F,90.7,123.84913996542053,1,1,5.55783391421528,5.55783391421528,1
024_DTXSID6067331,1e-07,0.6987684977073562,1.6000000125870888e-11,1.7268123384539537e-11,0.0792577030432757,0.0540998169720826,0.4581446457913734,0.4982272655509105,0.4982272655509105,0.2761635412614966,DTXSID6067331,6:2 Fluorotelomer sulfonic acid,O=S(=O)([O-])CCC(F)(F)C(F)(F)C(F)(F)C(F)(F)C(F)(F)C(F)(F)F,98.3,146.1684836586687,1,1,5.55783391421528,5.55783391421528,1
336_DTXSID8031863,1e-07,0.9369541489088792,1.6000000125870888e-11,1.683277144906015e-11,0.0520482072898691,0.0364747586801332,0.487946697630317,0.5095633036448382,0.5095633036448382,0.2730190311624857,DTXSID8031863,Perfluorononanoic acid,O=C([O-])C(F)(F)C(F)(F)C(F)(F)C(F)(F)C(F)(F)C(F)(F)C(F)(F)C(F)(F)F,98.1,64.69597108820987,1,1,10.522878745280337,6.251421144274779,6
034_DTXSID8059920,1e-07,0.0224461988540262,1.6000000125870888e-11,1.6021934909460357e-11,0.0013709239635568,0.0010114861386446,0.3356963315918291,0.4991955983105474,0.4991955983105474,0.250103542224596,DTXSID8059920,Perfluoroheptanesulfonic acid,O=S(=O)([O-])C(F)(F)C(F)(F)C(F)(F)C(F)(F)C(F)(F)C(F)(F)C(F)(F)F,101.6,143.3577576288425,1,1,7.638272163982407,7.292429823902063,3
391_DTXSID90382620,1e-07,0.944166598911616,1.6000000125870888e-11,1.6742864340812957e-11,0.0464290130686254,0.0326592146473586,0.4149050143271567,0.4408502102746021,0.4408502102746021,0.2367547124609804,DTXSID90382620,3-(Perfluoroheptyl)propanoic acid,O=C([O-])CCC(F)(F)C(F)(F)C(F)(F)C(F)(F)C(F)(F)C(F)(F)C(F)(F)F,99.6,87.37954168042599,1,1,6.795880017344075,5.9044819576768495,3
028_DTXSID60380390,1e-07,0.991951512793517,1.6000000125870888e-11,1.6480643206762125e-11,0.0300401923193782,0.0214435399027979,0.432725225393316,0.4399278443868957,0.4399278443868957,0.2306856921448468,DTXSID60380390,"2,2,2-Trifluoroethyl perfluorobutanesulfonate",O=S(=O)(OCC(F)(F)F)C(F)(F)C(F)(F)C(F)(F)C(F)(F)F,98.2,135.25272150794405,1,1,6.598599459218456,6.251037138743839,2
366_DTXSID20337446,1e-07,0.8038368040889208,1.6000000125870888e-11,1.6536266880251563e-11,0.0335166718851188,0.0239387668946871,0.3224716335934558,0.4239176797886856,0.4239176797886856,0.2239282233416864,DTXSID20337446,2-(Perfluorooctyl)ethanthiol,FC(F)(F)C(F)(F)C(F)(F)C(F)(F)C(F)(F)C(F)(F)C(F)(F)C(F)(F)CCS,30.2,59.8,1,1,4.0,4.0,1
292_DTXSID5061954,1e-07,0.0001220080154115,1.6000000125870888e-11,1.600083934221175e-11,5.2451020891264775e-05,3.875192590902871e-05,0.2985147940803282,0.447656003742963,0.447656003742963,0.223847377834436,DTXSID5061954,11-H-Perfluoroundecanoic acid,O=C([O-])C(F)(F)C(F)(F)C(F)(F)C(F)(F)C(F)(F)C(F)(F)C(F)(F)C(F)(F)C(F)(F)C(F)F,101.5,83.07534072539497,1,1,6.251037138743839,6.251037138743839,8
228_DTXSID50469320,1e-07,0.9770564890343688,1.6000000125870888e-11,1.764771858425718e-11,0.1029824028389878,0.0682398500256419,0.3027848570316357,0.3763761121832933,0.3763761121832933,0.2223079811044676,DTXSID50469320,Perfluorohexanesulfonamide,NS(=O)(=O)C(F)(F)C(F)(F)C(F)(F)C(F)(F)C(F)(F)C(F)(F)F,101.5,176.47336661369857,1,1,6.943095148663527,6.598599459218456,2
081_DTXSID60195123,1e-07,0.8640624508426695,1.6000000125870888e-11,1.7094768631054085e-11,0.0684230310356705,0.0468708951345645,0.3565127029106913,0.3700934307430751,0.3700934307430751,0.2084821629388198,DTXSID60195123,Perfluorooctanamide,NC(=O)C(F)(F)C(F)(F)C(F)(F)C(F)(F)C(F)(F)C(F)(F)C(F)(F)F,98.7,146.0621955356409,1,1,5.55783391421528,5.55783391421528,1
031_DTXSID00194615,1e-07,0.7806073156933834,1.6000000125870888e-11,1.6563488919274504e-11,0.035218049310668,0.0250993069930659,0.3041515182636427,0.3773133232244519,0.3773133232244519,0.2012063151087589,DTXSID00194615,"1H,1H,9H-Perfluorononyl acrylate",C=CC(=O)OCC(F)(F)C(F)(F)C(F)(F)C(F)(F)C(F)(F)C(F)(F)C(F)(F)C(F)F,92.5,104.41663590382576,1,1,6.096910013008056,5.211054272976252,4
296_DTXSID30891564,1e-07,0.9908843277270344,1.6000000125870888e-11,1.7070504137706165e-11,0.066906500213356,0.0459641264512386,0.3274167120551534,0.3451858473364318,0.3451858473364318,0.1955749868938352,DTXSID30891564,4:2 Fluorotelomer sulfonic acid,O=S(=O)([O-])CCC(F)(F)C(F)(F)C(F)(F)C(F)(F)F,97.3,183.77474922611844,1,1,6.598599459218456,5.9044819576768495,1
234_DTXSID90880156,1e-07,0.9593519368747716,1.6000000125870888e-11,1.645563932619609e-11,0.028477449796295,0.0204126713599422,0.3166922638380731,0.3486323855660285,0.3486323855660285,0.1845225284629854,DTXSID90880156,"1-Iodo-1H,1H,2H,2H-perfluorononane",FC(F)(F)C(F)(F)C(F)(F)C(F)(F)C(F)(F)C(F)(F)C(F)(F)CCI,85.2,47.65362912415179,1,1,4.994604968113294,4.647817481888637,1
256_DTXSID1037303,1e-07,0.9798903207704788,1.6000000125870888e-11,1.6260809564272453e-11,0.0163005897718622,0.0118349955529635,0.3282528498006828,0.3295700052093882,0.3295700052093882,0.1707025003811758,DTXSID1037303,Perfluoroheptanoic acid,O=C([O-])C(F)(F)C(F)(F)C(F)(F)C(F)(F)C(F)(F)C(F)(F)F,100.1,257.0671545147863,1,1,6.943095148663527,6.598599459218456,1
205_DTXSID00190950,1e-07,0.9874813109994712,1.6000000125870888e-11,1.6334860556099785e-11,0.0209287767246608,0.0151150167332037,0.291727737427746,0.3092364861053824,0.3092364861053824,0.162175751419293,DTXSID00190950,6:1 Fluorotelomer alcohol,OCC(F)(F)C(F)(F)C(F)(F)C(F)(F)C(F)(F)C(F)(F)F,53.5,38.475060893367285,1,1,4.517483713393632,4.170696227168975,1
004_DTXSID1068772,1e-07,0.993786832783424,1.6000000125870888e-11,1.637292704543825e-11,0.0233079322895982,0.0167939013771025,0.3212704614479666,0.3052689347373152,0.3052689347373152,0.1610314180572088,DTXSID1068772,2-(Perfluorobutyl)ethyl acrylate,C=CC(=O)OCCC(F)(F)C(F)(F)C(F)(F)C(F)(F)F,70.2,43.84882204474787,1,1,4.698970004336019,4.0,4
303_DTXSID60238701,1e-07,0.9896169065730448,1.6000000125870888e-11,1.6380740117938336e-11,0.023796249317012,0.0171470116933675,0.2813624947519286,0.2968955978978181,0.2968955978978181,0.1570213047955928,DTXSID60238701,Perfluoropinacol,OC(C(F)(F)F)(C(F)(F)F)C(O)(C(F)(F)F)C(F)(F)F,92.2,140.89137452930646,1,1,5.9044819576768495,5.55783391421528,1
359_DTXSID30396867,1e-07,0.9248650177836376,1.6000000125870888e-11,1.670720131166092e-11,0.0442000737641581,0.0312221175163378,0.2202633450507688,0.2635214071756783,0.2635214071756783,0.147371762346008,DTXSID30396867,"1H,1H,8H,8H-Perfluorooctane-1,8-diol",OCC(F)(F)C(F)(F)C(F)(F)C(F)(F)C(F)(F)C(F)(F)CO,94.9,144.6725276748837,1,1,5.9044819576768495,5.55783391421528,1
104_DTXSID9059832,1e-07,0.978904994001905,1.6000000125870888e-11,1.6272018562446528e-11,0.0170011521522308,0.0123367752912548,0.1869448340321455,0.2592327724335334,0.2592327724335334,0.1357847738623941,DTXSID9059832,"1H,1H,7H-Dodecafluoro-1-heptanol",OCC(F)(F)C(F)(F)C(F)(F)C(F)(F)C(F)(F)C(F)F,81.8,79.29180918940423,1,1,4.864263256490527,4.864263256490527,1
350_DTXSID50375114,1e-07,0.9945842528363614,1.6000000125870888e-11,1.612659536505134e-11,0.0079122023865335,0.005796341703387,0.2589515504840411,0.2521315088882233,0.2521315088882233,0.1289639252958051,DTXSID50375114,"Perfluoro-3,6,9-trioxatridecanoic acid",O=C([O-])C(F)(F)OC(F)(F)C(F)(F)OC(F)(F)C(F)(F)OC(F)(F)C(F)(F)C(F)(F)C(F)(F)F,106.0,91.83411499085355,1,1,6.251421144274779,6.251421144274779,8
273_DTXSID60663110,1e-07,0.9954954501302584,1.6000000125870888e-11,1.6203163533035077e-11,0.0126977128478697,0.0092586419230021,0.2573339289667319,0.2448899239901135,0.2448899239901135,0.1270742829565578,DTXSID60663110,Perfluoro-4-isopropoxybutanoic acid,O=C([O-])C(F)(F)C(F)(F)C(F)(F)OC(F)(C(F)(F)F)C(F)(F)F,100.4,264.53821910976075,1,1,6.943095148663527,6.598599459218456,1
379_DTXSID8044969,1e-07,0.9959542358270008,1.6000000125870888e-11,1.6132252618561437e-11,0.008265780728133,0.0060552641118068,0.2318751978403822,0.238109585585296,0.238109585585296,0.1220824248485514,DTXSID8044969,Methyl perfluoro(3-(1-ethenyloxypropan-2-yloxy)propanoate),COC(=O)C(F)(F)C(F)(F)OC(F)(C(F)(F)F)C(F)(F)OC(F)=C(F)F,104.4,130.10420325434913,1,1,7.494850021680094,6.096910013008056,6
340_DTXSID8031865,1e-07,0.8809898247112187,1.6000000125870888e-11,1.6474029222734996e-11,0.0296268183209346,0.0212239779076486,0.1646933766074993,0.1736640993341119,0.1736640993341119,0.0974440386208802,DTXSID8031865,Perfluorooctanoic acid,O=C([O-])C(F)(F)C(F)(F)C(F)(F)C(F)(F)C(F)(F)C(F)(F)C(F)(F)F,98.7,124.51404684620331,1,1,6.598208630499435,6.251421144274779,1
094_DTXSID20179883,1e-07,0.996949313041078,1.6000000125870888e-11,1.6279932369300808e-11,0.0174957650767322,0.012678486510658,0.1880407911366824,0.1797942498027844,0.1797942498027844,0.0962363681567212,DTXSID20179883,2-(Perfluorohexyl)ethylphosphonic acid,O=P(O)(O)CCC(F)(F)C(F)(F)C(F)(F)C(F)(F)C(F)(F)C(F)(F)F,96.3,139.50597370005062,1,1,5.55783391421528,5.55783391421528,1
187_DTXSID80379721,1e-07,0.9924934333474856,1.6000000125870888e-11,1.618539356869064e-11,0.0115870900850796,0.0084501181524829,0.0994527251926008,0.1219195565610013,0.1219195565610013,0.0651848373567421,DTXSID80379721,"1H,1H,6H,6H-Perfluorohexane-1,6-diol diacrylate",C=CC(=O)OCC(F)(F)C(F)(F)C(F)(F)C(F)(F)COC(=O)C=C,102.2,127.59503795997732,1,1,6.251037138743839,6.251037138743839,6
287_DTXSID00380798,1e-07,0.9990874873802494,1.6000000125870888e-11,1.6096119675168562e-11,0.0060074717838442,0.0044085064892844,0.1235619006335493,0.1247826099825349,0.1247826099825349,0.0645955582359096,DTXSID00380798,"1H,1H,11H,11H-Perfluorotetraethylene glycol",OCC(F)(F)OC(F)(F)C(F)(F)OC(F)(F)C(F)(F)OC(F)(F)CO,96.9,87.69776015975182,1,1,5.55783391421528,5.211054272976252,2
007_DTXSID70276659,1e-07,0.9782422793385857,1.6000000125870888e-11,1.6187870714645662e-11,0.0117419117060508,0.0085669322109062,0.0908372138976008,0.1186701768686607,0.1186701768686607,0.0636185545397834,DTXSID70276659,"Perfluoro-(2,5,8-trimethyl-3,6,9-trioxadodecanoic) acid",O=C([O-])C(F)(OC(F)(F)C(F)(OC(F)(F)C(F)(OC(F)(F)C(F)(F)C(F)(F)F)C(F)(F)F)C(F)(F)F)C(F)(F)F,32.5,90.85,1,1,6.301029995663981,6.301029995663981,1
332_DTXSID80382154,1e-07,0.981018932013406,1.6000000125870888e-11,1.6331329405261384e-11,0.020708079798997,0.0149714514319903,0.0895409690698536,0.1071457293459935,0.1071457293459935,0.0610585903889919,DTXSID80382154,Perfluoroheptanoyl chloride,O=C(Cl)C(F)(F)C(F)(F)C(F)(F)C(F)(F)C(F)(F)C(F)(F)F,100.3,157.68049165562118,1,1,6.598599459218456,6.251037138743839,2
186_DTXSID60500450,1e-07,0.9994457772228582,1.6000000125870888e-11,1.608285526586428e-11,0.0051784462088485,0.0038037402438594,0.1030538380983924,0.0956001210879655,0.0956001210879655,0.0497019306659124,DTXSID60500450,Perfluoro(4-methoxybutanoic acid),O=C([O-])C(F)(F)C(F)(F)C(F)(F)OC(F)(F)F,96.1,161.4904845435214,1,1,5.9044819576768495,5.55783391421528,1
027_DTXSID3065586,1e-07,0.9994157766320324,1.6000000125870888e-11,1.612549414353737e-11,0.0078433760424517,0.0057454028437099,0.090793045273639,0.088095307388373,0.088095307388373,0.0469203551160415,DTXSID3065586,(Perfluoropropyl)methyl methacrylate,C=C(C)C(=O)OCC(F)(F)C(F)(F)C(F)(F)F,12.1,10.870212780677333,0,0,,,2
401_DTXSID0060985,1e-07,0.9997722155359454,1.6000000125870888e-11,1.6035633366939804e-11,0.002227077549287,0.0016415350906943,0.0980262086733911,0.0905854449730018,0.0905854449730018,0.0461134900318481,DTXSID0060985,Hexafluoroglutaryl chloride,O=C(Cl)C(F)(F)C(F)(F)C(F)(F)C(=O)Cl,55.5,106.95,1,1,10.522878745280337,3.5228787452803374,1
131_DTXSID90190949,1e-07,0.9896288378559484,1.6000000125870888e-11,1.623065206217689e-11,0.0144157459057173,0.0104831963083325,0.0635451401207623,0.074865328364317,0.074865328364317,0.0426742623363248,DTXSID90190949,"1,6-Diiodoperfluorohexane",FC(F)(I)C(F)(F)C(F)(F)C(F)(F)C(F)(F)C(F)(F)I,93.8,187.09645137697316,1,1,6.251037138743839,5.9044819576768495,1
056_DTXSID80310730,1e-07,0.99952835625026,1.6000000125870888e-11,1.6070037528947985e-11,0.0043773376578823,0.0032185627926243,0.0525495128689188,0.0714467923725279,0.0714467923725279,0.0373326775825761,DTXSID80310730,Octafluoroadipamide,NC(=O)C(F)(F)C(F)(F)C(F)(F)C(F)(F)C(N)=O,39.9,38.31944767137306,1,1,4.170696227168975,3.8239087409443187,1
223_DTXSID90868151,1e-07,0.9764693356729512,1.6000000125870888e-11,1.6127564798651408e-11,0.0079727919860611,0.0058420681635858,0.059736374059623,0.068175746009861,0.068175746009861,0.0370089070867234,DTXSID90868151,Perfluorotridecanoic acid,O=C([O-])C(F)(F)C(F)(F)C(F)(F)C(F)(F)C(F)(F)C(F)(F)C(F)(F)C(F)(F)C(F)(F)C(F)(F)C(F)(F)C(F)(F)F,102.4,70.00022454911323,1,1,5.732828271596986,5.3872161432802645,5
036_DTXSID50381073,1e-07,0.9981016853138918,1.6000000125870888e-11,1.6114102249176197e-11,0.0071313826504799,0.0052289079362614,0.0640908340965912,0.066706446627853,0.066706446627853,0.0359676772820572,DTXSID50381073,"Perfluoro-3,6-dioxadecanoic acid",O=C([O-])C(F)(F)OC(F)(F)C(F)(F)OC(F)(F)C(F)(F)C(F)(F)C(F)(F)F,101.2,221.72198235690794,1,1,6.42712839779952,6.080921907623926,1
225_DTXSID0059829,1e-07,0.9964448128309908,1.6000000125870888e-11,1.6112464377115997e-11,0.0070290156475225,0.0051564957561166,0.0486370586663988,0.0647815118536127,0.0647815118536127,0.0349690038048647,DTXSID0059829,Perfluorooctanoyl fluoride,O=C(F)C(F)(F)C(F)(F)C(F)(F)C(F)(F)C(F)(F)C(F)(F)C(F)(F)F,100.9,170.70758601634793,1,1,6.598599459218456,6.251037138743839,2
387_DTXSID7040150,1e-07,0.998236442072513,1.6000000125870888e-11,1.6109815093656723e-11,0.0068634354326205,0.0050358073022801,0.043165372978515,0.0571388947694884,0.0571388947694884,0.0310873510358842,DTXSID7040150,Perfluorohexanesulfonic acid,O=S(=O)([O-])C(F)(F)C(F)(F)C(F)(F)C(F)(F)C(F)(F)C(F)(F)F,100.9,289.5834410185765,1,1,6.943095148663527,6.943095148663527,1
179_DTXSID7060332,1e-07,0.9991364574207692,1.6000000125870888e-11,1.6102615317237225e-11,0.0064134494099419,0.0047049307560213,0.0489338905898947,0.0512240689448509,0.0512240689448509,0.0279644998504361,DTXSID7060332,(Perfluorobutyryl)-2-thenoylmethane,O=C(CC(=O)C(F)(F)C(F)(F)C(F)(F)F)c1cccs1,102.5,203.60664737795204,1,1,7.292429823902063,6.943095148663527,2
285_DTXSID6062599,1e-07,0.9997085206085364,1.6000000125870888e-11,1.6037577454142142e-11,0.0023485829984772,0.0017308747979303,0.0507629903704187,0.0505788956973379,0.0505788956973379,0.0261548852476341,DTXSID6062599,Perfluoropentanoic acid,O=C([O-])C(F)(F)C(F)(F)C(F)(F)C(F)(F)F,92.4,121.57995769238069,1,1,5.55783391421528,5.211054272976252,1
197_DTXSID80380837,1e-07,0.9992843607299376,1.6000000125870888e-11,1.6065536856046952e-11,0.0040960456037806,0.0030130867109664,0.0440451472800073,0.0444159609352294,0.0444159609352294,0.0237145238230979,DTXSID80380837,"Perfluoro-3,6,9-trioxadecanoic acid",O=C([O-])C(F)(F)OC(F)(F)C(F)(F)OC(F)(F)C(F)(F)OC(F)(F)F,101.3,175.16391662239246,1,1,7.121478204498794,6.774690718274137,2
355_DTXSID70379917,1e-07,0.9979829048021566,1.6000000125870888e-11,1.6114087134511123e-11,0.00713043798392,0.0052266527028741,0.0338476723184638,0.0419716443598999,0.0419716443598999,0.023599148531387,DTXSID70379917,3-(Perfluorohexyl)propanoic acid,O=C([O-])CCC(F)(F)C(F)(F)C(F)(F)C(F)(F)C(F)(F)C(F)(F)F,98.1,164.57597098348276,1,1,5.9044819576768495,5.55783391421528,1
078_DTXSID5027140,1e-07,0.9920107313776672,1.6000000125870888e-11,1.613482867490745e-11,0.0084267842484921,0.0061689336024774,0.0321550411605088,0.03958940049985,0.03958940049985,0.0228791670511637,DTXSID5027140,Perfluorooctanesulfonyl fluoride,O=S(=O)(F)C(F)(F)C(F)(F)C(F)(F)C(F)(F)C(F)(F)C(F)(F)C(F)(F)C(F)(F)F,81.3,53.72536927176899,1,1,4.517483713393632,4.170696227168975,2
159_DTXSID8047553,1e-07,0.9920042953018336,1.6000000125870888e-11,1.6105329526538983e-11,0.0065830874899672,0.0048305878466459,0.0372309315194791,0.0397083095804754,0.0397083095804754,0.0222694487135607,DTXSID8047553,Perfluoroundecanoic acid,O=C([O-])C(F)(F)C(F)(F)C(F)(F)C(F)(F)C(F)(F)C(F)(F)C(F)(F)C(F)(F)C(F)(F)C(F)(F)F,105.2,86.07805940415288,1,1,5.9044819576768495,5.55783391421528,8
384_DTXSID3059921,1e-07,0.9371844640081036,1.6000000125870888e-11,1.6146032767494488e-11,0.0091270400296734,0.0066798311332705,0.033780495902864,0.0312871910572993,0.0312871910572993,0.0189835110952849,DTXSID3059921,Perfluorotetradecanoic acid,O=C([O-])C(F)(F)C(F)(F)C(F)(F)C(F)(F)C(F)(F)C(F)(F)C(F)(F)C(F)(F)C(F)(F)C(F)(F)C(F)(F)C(F)(F)C(F)(F)F,111.8,86.96079740204739,1,1,5.3979400086720375,5.341035157335565,3
150_DTXSID3031860,1e-07,0.9942095134728196,1.6000000125870888e-11,1.6101055794237598e-11,0.0063159792232322,0.00463582499873,0.0290201045091591,0.0317467681416109,0.0317467681416109,0.0181912965701704,DTXSID3031860,Perfluorodecanoic acid,O=C([O-])C(F)(F)C(F)(F)C(F)(F)C(F)(F)C(F)(F)C(F)(F)C(F)(F)C(F)(F)C(F)(F)F,101.1,90.13562886708505,1,1,6.795880017344075,6.251037138743839,7
061_DTXSID1032646,1e-07,0.0100956705881567,1.6000000125870888e-11,1.601294704904888e-11,0.0008091826922587,0.0005973902156827,0.0247679879512263,0.0353677480335226,0.0353677480335226,0.0179825691246027,DTXSID1032646,N-Ethylperfluorooctane sulfonamide,CCNS(=O)(=O)C(F)(F)C(F)(F)C(F)(F)C(F)(F)C(F)(F)C(F)(F)C(F)(F)C(F)(F)F,101.1,97.62507978330997,1,1,6.251037138743839,5.9044819576768495,3
423_DTXSID30627108,1e-07,0.9956651545885024,1.6000000125870888e-11,1.6174578980354675e-11,0.0109111783193992,0.0079637194153387,0.023487962977252,0.0258499757312944,0.0258499757312944,0.0169068475733166,DTXSID30627108,((Perfluorooctyl)ethyl)phosphonic acid,O=P(O)(O)CCC(F)(F)C(F)(F)C(F)(F)C(F)(F)C(F)(F)C(F)(F)C(F)(F)C(F)(F)F,100.1,59.06415668088997,1,1,6.096910013008056,5.9044819576768495,7
088_DTXSID20874028,1e-07,0.9993843859485818,1.6000000125870888e-11,1.6068123374424207e-11,0.0042577030010874,0.0031312589519532,0.0258527867438055,0.0300174009587493,0.0300174009587493,0.0165743299553513,DTXSID20874028,"2H,2H,3H,3H-Perfluorooctanoic acid",O=C([O-])CCC(F)(F)C(F)(F)C(F)(F)C(F)(F)C(F)(F)F,98.5,171.37246334327236,1,1,5.9044819576768495,5.55783391421528,1
306_DTXSID50379814,1e-07,0.9997722400229582,1.6000000125870888e-11,1.6041655788612275e-11,0.0026034789008553,0.0019182727147679,0.0308338211578293,0.0309862918753119,0.0309862918753119,0.0164522822950399,DTXSID50379814,Perfluoro-2-ethoxyethanesulfonic acid,O=S(=O)([O-])C(F)(F)C(F)(F)OC(F)(F)C(F)(F)F,99.7,188.43473907793148,1,1,5.9044819576768495,5.9044819576768495,1
171_DTXSID70565479,1e-07,0.9982542702027836,1.6000000125870888e-11,1.6063321411152742e-11,0.0039575802989819,0.0029119139800458,0.0214105978407873,0.0278892224059457,0.0278892224059457,0.0154005681929958,DTXSID70565479,8H-Perfluorooctanoic acid,O=C([O-])C(F)(F)C(F)(F)C(F)(F)C(F)(F)C(F)(F)C(F)(F)C(F)F,100.9,165.33809849136296,1,1,6.943095148663527,6.598599459218456,2
152_DTXSID3031862,1e-07,0.999648257798887,1.6000000125870888e-11,1.6033528207515255e-11,0.0020955050862877,0.0015448452057186,0.0283710830297214,0.0290306561843598,0.0290306561843598,0.0152877506950392,DTXSID3031862,Perfluorohexanoic acid,O=C([O-])C(F)(F)C(F)(F)C(F)(F)C(F)(F)C(F)(F)F,99.3,206.56638027869977,1,1,6.251037138743839,6.251037138743839,1
071_DTXSID1067629,1e-07,0.9940833632230696,1.6000000125870888e-11,1.6084001185490138e-11,0.0052500661849012,0.0038567439196265,0.0234642120008262,0.0250368577920897,0.0250368577920897,0.0144468008558581,DTXSID1067629,N-Methylperfluorooctanesulfonamide,CNS(=O)(=O)C(F)(F)C(F)(F)C(F)(F)C(F)(F)C(F)(F)C(F)(F)C(F)(F)C(F)(F)F,48.9,111.71066945112,1,1,6.251037138743839,5.211054272976252,1
354_DTXSID4059833,1e-07,0.9996084965184086,1.6000000125870888e-11,1.6047421681619772e-11,0.0029638472109889,0.0021827982087745,0.0232052934697157,0.0261839226834188,0.0261839226834188,0.0141833604460966,DTXSID4059833,Perfluorohexanedioic acid,O=C([O-])C(F)(F)C(F)(F)C(F)(F)C(F)(F)C(=O)[O-],74.3,119.61526903100349,1,1,5.9044819576768495,5.55783391421528,1
430_DTXSID5030030,1e-07,0.9998276934370556,1.6000000125870888e-11,1.604096828096147e-11,0.0025605096730179,0.001886517787902,0.0267229670168694,0.0262672039881497,0.0262672039881497,0.0140768608880258,DTXSID5030030,Perfluorobutanesulfonic acid,O=S(=O)([O-])C(F)(F)C(F)(F)C(F)(F)C(F)(F)F,98.5,223.79251180832674,1,1,6.943095148663527,6.598599459218456,1
146_DTXSID3031864,1e-07,0.0001155028333421,1.6000000125870888e-11,1.6000592622233968e-11,3.703102240119466e-05,2.735974717226039e-05,0.0172490404009498,0.0258405208253423,0.0258405208253423,0.0129339402862573,DTXSID3031864,Perfluorooctanesulfonic acid,O=S(=O)([O-])C(F)(F)C(F)(F)C(F)(F)C(F)(F)C(F)(F)C(F)(F)C(F)(F)C(F)(F)F,100.7,65.26943804381172,1,1,6.598208630499435,6.251421144274779,7
083_DTXSID50226894,1e-07,0.9962861116370958,1.6000000125870888e-11,1.609181015247429e-11,0.0057381266175714,0.0042137224320178,0.018245763830006,0.0203892246888002,0.0203892246888002,0.012301473560409,DTXSID50226894,9H-Perfluorononanoic acid,O=C([O-])C(F)(F)C(F)(F)C(F)(F)C(F)(F)C(F)(F)C(F)(F)C(F)(F)C(F)F,100.1,104.61691540049586,1,1,6.598599459218456,6.251037138743839,2
214_DTXSID20375106,1e-07,0.9997999497454362,1.6000000125870888e-11,1.6028678473745118e-11,0.0017923967280387,0.0013218008761222,0.0199563878416333,0.0230124372153418,0.0230124372153418,0.012167119045732,DTXSID20375106,"Perfluoro-3,6-dioxaoctane-1,8-dioic acid",O=C([O-])C(F)(F)OC(F)(F)C(F)(F)OC(F)(F)C(=O)[O-],94.0,226.012086087718,1,1,7.292429823902063,6.943095148663527,1
388_DTXSID90880131,1e-07,0.99963579403556,1.6000000125870888e-11,1.607770354148386e-11,0.0048564634376053,0.0035684658247234,0.0195777507327089,0.0207549222366408,0.0207549222366408,0.0121616940306821,DTXSID90880131,"1H,1H,5H-Perfluoropentyl methacrylate",C=C(C)C(=O)OCC(F)(F)C(F)(F)C(F)(F)C(F)F,77.8,95.78713161966178,1,1,5.3979400086720375,4.698970004336019,5
375_DTXSID3066215,1e-07,0.999662756922968,1.6000000125870888e-11,1.6052355539741826e-11,0.0032722133411913,0.002408884073973,0.019742468165972,0.0209601467538598,0.0209601467538598,0.0116845154139164,DTXSID3066215,(Heptafluorobutanoyl)pivaloylmethane,CC(C)(C)C(=O)CC(=O)C(F)(F)C(F)(F)C(F)(F)F,10.2,12.879108511619185,0,0,,,1
382_DTXSID30382104,1e-07,0.9938981425810848,1.6000000125870888e-11,1.6088370348654743e-11,0.0055231388805408,0.0040569780599597,0.0166609695235004,0.019086765941182,0.019086765941182,0.0115718720005708,DTXSID30382104,9-Chloro-perfluorononanoic acid,O=C([O-])C(F)(F)C(F)(F)C(F)(F)C(F)(F)C(F)(F)C(F)(F)C(F)(F)C(F)(F)Cl,101.4,82.68970662961034,1,1,6.943095148663527,6.598599459218456,8
018_DTXSID50441560,1e-07,0.9998213197621773,1.6000000125870888e-11,1.603813355508521e-11,0.0023833393071455,0.0017562215775525,0.0207465053232374,0.0202458834383496,0.0202458834383496,0.011001052507951,DTXSID50441560,"Methyl 2H,2H,3H,3H-perfluoroheptanoate",COC(=O)CCC(F)(F)C(F)(F)C(F)(F)C(F)(F)F,34.8,29.927141741902062,1,1,3.8239087409443187,3.8239087409443187,1
220_DTXSID40380257,1e-07,0.999881849117764,1.6000000125870888e-11,1.602351672644886e-11,0.0014697875245604,0.0010842231902342,0.0214105085138658,0.0204715164464619,0.0204715164464619,0.0107778698183481,DTXSID40380257,3-(Perfluoroisopropyl)-2-propenoic acid,O=C([O-])C=CC(F)(C(F)(F)F)C(F)(F)F,93.4,120.53599083680834,1,1,5.55783391421528,5.211054272976252,1
001_DTXSID70366226,1e-07,0.9999156442126936,1.6000000125870888e-11,1.6021803055110695e-11,0.0013626830667678,0.0010052970440783,0.0157743028977673,0.0168638395301637,0.0168638395301637,0.008934568287121,DTXSID70366226,Perfluoropentanamide,NC(=O)C(F)(F)C(F)(F)C(F)(F)C(F)F,47.8,46.49009085150428,1,1,4.170696227168975,4.170696227168975,1
216_DTXSID20379947,1e-07,0.9994523545496596,1.6000000125870888e-11,1.6036624024096117e-11,0.0022889936210694,0.0016871793161699,0.0117654023603855,0.0141727910851019,0.0141727910851019,0.0079299852006359,DTXSID20379947,2-(Perfluorohexyl)ethanethiol,FC(F)(F)C(F)(F)C(F)(F)C(F)(F)C(F)(F)C(F)(F)CCS,28.6,96.9,1,0,8.0,,1
020_DTXSID9061881,1e-07,0.9996562648099406,1.6000000125870888e-11,1.6022229721812667e-11,0.0013893497354312,0.001025027331959,0.0122178551250365,0.0134309028649211,0.0134309028649211,0.00722796509844,DTXSID9061881,"1-Iodo-1H,1H,2H,2H-perfluoroheptane",FC(F)(F)C(F)(F)C(F)(F)C(F)(F)C(F)(F)CCI,105.2,99.86383153154074,1,1,4.864263256490527,4.864263256490527,2
258_DTXSID30382063,1e-07,0.9999211880665032,1.6000000125870888e-11,1.6026401639024354e-11,0.0016500945591104,0.0012169567279889,0.0090133218496709,0.0089330872867136,0.0089330872867136,0.0050750220073513,DTXSID30382063,"Perfluoro-3,6-dioxaheptanoic acid",O=C([O-])C(F)(F)OC(F)(F)C(F)(F)OC(F)(F)F,97.7,163.1549642196025,1,1,5.9044819576768495,5.55783391421528,1
412_DTXSID4059916,1e-07,0.999955156444864,1.6000000125870888e-11,1.6020313490372474e-11,0.0012695852713614,0.0009366953801699,0.0079942175240323,0.0079555542287286,0.0079555542287286,0.0044461248044493,DTXSID4059916,Perfluorobutanoic acid,O=C([O-])C(F)(F)C(F)(F)C(F)(F)F,54.0,56.976182217500636,1,1,4.170696227168975,4.170696227168975,1
217_DTXSID00379268,1e-07,0.9999545372325904,1.6000000125870888e-11,1.6017827457304177e-11,0.0011142082058152,0.0008222356516635,0.0075225245454707,0.007258277395957,0.007258277395957,0.0040402565238102,DTXSID00379268,3:3 Fluorotelomer carboxylic acid,O=C([O-])CCC(F)(F)C(F)(F)C(F)(F)F,87.1,95.03416006489522,1,1,5.211054272976252,4.864263256490527,1
053_DTXSID30170109,1e-07,0.999976107001874,1.6000000125870888e-11,1.6015181265061074e-11,0.0009488211919223,0.0007002860224262,0.0074366622110418,0.0073254423578021,0.0073254423578021,0.0040128641901142,DTXSID30170109,"3,3-Bis(trifluoromethyl)-2-propenoic acid",O=C([O-])C=C(C(F)(F)F)C(F)(F)F,58.5,72.1089880884548,1,1,4.698970004336019,4.0,1
291_DTXSID5060986,1e-07,0.9999097449974892,1.6000000125870888e-11,1.6014149290199954e-11,0.0008843227636097,0.0006527420181082,0.0067548351724769,0.0072837834744885,0.0072837834744885,0.0039682627462984,DTXSID5060986,"1H,1H,5H,5H-Perfluoro-1,5-pentanediol diacrylate",C=CC(=O)OCC(F)(F)C(F)(F)C(F)(F)COC(=O)C=C,98.4,131.99414976644613,1,1,6.943095148663527,6.598599459218456,5
080_DTXSID30190948,1e-07,0.9998360252279432,1.6000000125870888e-11,1.6009646121162295e-11,0.0006028747009702,0.0004451579723056,0.0052326261250442,0.0064729349899639,0.0064729349899639,0.0034590464811347,DTXSID30190948,"Perfluoro-1,4-diiodobutane",FC(F)(I)C(F)(F)C(F)(F)C(F)(F)I,97.8,168.96399216835394,1,1,6.251037138743839,5.9044819576768495,1
096_DTXSID70191136,1e-07,0.9999762444328416,1.6000000125870888e-11,1.601038881879902e-11,0.0006492933029003,0.0004793954725936,0.004629947130629,0.0044028564553437,0.0044028564553437,0.0024411259639687,DTXSID70191136,Perfluoro-3-methoxypropanoic acid,O=C([O-])C(F)(F)C(F)(F)OC(F)(F)F,78.6,71.3494352960881,1,1,4.864263256490527,4.517483713393632,1
399_DTXSID70381090,1e-07,0.9999670361301184,1.6000000125870888e-11,1.6013981071694166e-11,0.0008738091070807,0.0006450046754336,0.0037617488134436,0.0040092778972219,0.0040092778972219,0.0023271412863277,DTXSID70381090,"1H,1H,8H,8H-Perfluoro-3,6-dioxaoctane-1,8-diol",OCC(F)(F)OC(F)(F)C(F)(F)OC(F)(F)CO,59.1,50.10758025094731,1,1,4.517483713393632,4.170696227168975,1
300_DTXSID20880144,1e-07,0.9999810289411062,1.6000000125870888e-11,1.6009022937168992e-11,0.0005639257016951,0.000416389958054,0.0022566309000476,0.0022854069679754,0.0022854069679754,0.0013508984630147,DTXSID20880144,Ethyl pentafluoropropionyl acetate,CCOC(=O)CC(=O)C(F)(F)C(F)(F)F,64.2,52.220813905754895,1,1,4.170696227168975,4.170696227168975,1
370_DTXSID50892417,1e-07,0.9999872179968968,1.6000000125870888e-11,1.6008767025610385e-11,0.000547931229408,0.0004045970395012,0.0020364256461719,0.0019773913501034,0.0019773913501034,0.0011909941948023,DTXSID50892417,4H-Perfluorobutanoic acid,O=C([O-])C(F)(F)C(F)(F)C(F)F,68.1,96.56036406660596,1,1,5.211054272976252,4.864263256490527,1
380_DTXSID10224331,1e-07,0.9999947593290218,1.6000000125870888e-11,1.600384538562594e-11,0.0002403287328001,0.0001775200595752,0.001085077902216,0.001066870469671,0.001066870469671,0.0006221952646231,DTXSID10224331,"2,2,3,3-Tetrafluoropropyl acrylate",C=CC(=O)OCC(F)(F)C(F)F,59.4,51.45974021273766,1,1,6.795880017344075,4.0,5
136_DTXSID70880230,1e-07,0.999996787968129,1.6000000125870888e-11,1.600366587837243e-11,0.0002291095295439,0.0001692366439135,0.0005752609725146,0.000553533500996,0.000553533500996,0.0003613850724547,DTXSID70880230,"((2,2,3,3-Tetrafluoropropoxy)methyl)oxirane",FC(F)C(F)(F)COCC1CO1,36.2,51.57188563940301,1,1,4.0,3.6989700043360187,1
374_DTXSID3038939,1e-07,6.431001055160949e-06,1.6000000125870888e-11,1.600035321800419e-11,2.206825815800604e-05,1.6304995841951478e-05,8.017112042492042e-06,1.0459043031264317e-05,1.0459043031264317e-05,1.3382019436607897e-05,DTXSID3038939,Perfluorooctanesulfonamide,NS(=O)(=O)C(F)(F)C(F)(F)C(F)(F)C(F)(F)C(F)(F)C(F)(F)C(F)(F)C(F)(F)F,97.7,71.45984314516635,1,1,6.251421144274779,6.251421144274779,4
